id,rekomendasi
1,French Kiss Vanilla
2,Ice Cream - Turtles Stick Bar
3,Squid - Tubes / Tenticles 10/20
4,Mousse - Passion Fruit
5,Peppercorns - Green
6,Lamb Shoulder Boneless Nz
7,Crackers - Soda / Saltins
8,Bread - Pain Au Liat X12
9,Cheese - Brick With Pepper
10,"Oil - Truffle, Black"
11,Eggplant - Asian
12,"Wine - White, Chardonnay"
13,Sole - Fillet
14,"Onions - Dried, Chopped"
15,"Butter - Salted, Micro"
16,Chocolate Bar - Oh Henry
17,"Pepper - Julienne, Frozen"
18,Bagelers
19,Eel Fresh
20,Ecolab - Balanced Fusion
21,Lettuce - Boston Bib - Organic
22,Foam Tray S2
23,Beer - Camerons Cream Ale
24,Muffin - Mix - Mango Sour Cherry
25,Veal - Insides Provini
26,"Shrimp - 16/20, Peeled Deviened"
27,Oven Mitt - 13 Inch
28,Otomegusa Dashi Konbu
29,Longos - Chicken Curried
30,"Pork - Bacon, Sliced"
31,The Pop Shoppe - Root Beer
32,Ginsing - Fresh
33,Cheese - Parmesan Cubes
34,Chicken Thigh - Bone Out
35,Soup Campbells Beef With Veg
36,Bacon Strip Precooked
37,Compound - Orange
38,Cheese - Brick With Onion
39,Oil - Hazelnut
40,"Mushrooms - Black, Dried"
41,Veal - Bones
42,Tea - Herbal Orange Spice
43,Cheese - Cheddar With Claret
44,Bag - Clear 7 Lb
45,Quail - Jumbo
46,Truffle Paste
47,Ginger - Ground
48,Beans - Soya Bean
49,Lamb - Shanks
50,Ginger - Pickled
51,Plasticforkblack
52,Ecolab - Ster Bac
53,"Rosemary - Primerba, Paste"
54,"Iced Tea - Lemon, 340ml"
55,Liqueur - Melon
56,Apron
57,Onions - Red
58,Sauce Bbq Smokey
59,Appetizer - Chicken Satay
60,Beer - Mill St Organic
61,Apple - Fuji
62,Raspberries - Fresh
63,Beef - Tenderloin - Aa
64,Honey - Comb
65,Chicken Thigh - Bone Out
66,Veal - Striploin
67,Squash - Sunburst
68,Cheese - St. Andre
69,Cheese - Mascarpone
70,Melon - Honey Dew
71,"Yogurt - Strawberry, 175 Gr"
72,Snails - Large Canned
73,Salt And Pepper Mix - White
74,Tart - Pecan Butter Squares
75,Persimmons
76,"Cod - Salted, Boneless"
77,Salt And Pepper Mix - White
78,Soup - Campbells Asian Noodle
79,Pastry - Lemon Danish - Mini
80,"Pork - Back, Long Cut, Boneless"
81,Veal - Liver
82,Rye Special Old
83,"Nut - Pecan, Halves"
84,Chicken - Ground
85,Vanilla Beans
86,Noodles - Steamed Chow Mein
87,Wine - Prem Select Charddonany
88,"Yogurt - Cherry, 175 Gr"
89,Beans - Kidney White
90,"Beans - Black Bean, Preserved"
91,Peppercorns - Green
92,Sage Ground Wiberg
93,"Cheese - Brie,danish"
94,"Beans - Black Bean, Canned"
95,Capicola - Hot
96,Avocado
97,Huck Towels White
98,Wine - Blue Nun Qualitatswein
99,Vaccum Bag - 14x20
100,Pastry - Plain Baked Croissant
101,Lettuce - Frisee
102,Lettuce - Boston Bib - Organic
103,Cookie Dough - Chocolate Chip
104,Wine - Kwv Chenin Blanc South
105,Beef - Diced
106,Scrubbie - Scotchbrite Hand Pad
107,"Wine - Red, Lurton Merlot De"
108,Sauce - Demi Glace
109,Soup - Campbells Beef Stew
110,"Chocolate - Milk, Callets"
111,Towel Multifold
112,Sauce - Salsa
113,Cloves - Whole
114,Mint - Fresh
115,Flavouring - Rum
116,Curry Paste - Madras
117,"Wine - Harrow Estates, Vidal"
118,Wine - Chablis 2003 Champs
119,Temperature Recording Station
120,Cheese - Brie Roitelet
121,Table Cloth - 53x69 Colour
122,Daikon Radish
123,Rice - Long Grain
124,Cheese - Fontina
125,Bar Mix - Lemon
126,Rice Wine - Aji Mirin
127,Greens Mustard
128,Energy Drink
129,Lamb - Whole Head Off
130,"Flour - Bran, Red"
131,Flour - Teff
132,Macaroons - Homestyle Two Bit
133,"Split Peas - Yellow, Dry"
134,Muffin Chocolate Individual Wrap
135,Artichoke - Fresh
136,Cheese - Ricotta
137,Beef Ground Medium
138,Pastry - Cheese Baked Scones
139,Persimmons
140,Butter Ripple - Phillips
141,"Pasta - Fettuccine, Dry"
142,Broom - Corn
143,Vinegar - Sherry
144,Pastry - Trippleberry Muffin - Mini
145,Cinnamon - Stick
146,Cheese - Shred Cheddar / Mozza
147,"Pasta - Fettuccine, Dry"
148,Potatoes - Fingerling 4 Oz
149,Cake - Sheet Strawberry
150,"Liners - Banana, Paper"
151,Bacardi Limon
152,"Hickory Smoke, Liquid"
153,Wine - Remy Pannier Rose
154,Puree - Blackcurrant
155,Chick Peas - Canned
156,Squid - Tubes / Tenticles 10/20
157,Vinegar - Raspberry
158,Chips - Potato Jalapeno
159,Table Cloth 144x90 White
160,Cup Translucent 9 Oz
161,"Tendrils - Baby Pea, Organic"
162,Cheese - Provolone
163,Monkfish Fresh - Skin Off
164,Syrup - Monin - Passion Fruit
165,Calypso - Pineapple Passion
166,Sauerkraut
167,Dried Figs
168,Glove - Cutting
169,Cream - 10%
170,Carbonated Water - Wildberry
171,Ecolab - Balanced Fusion
172,Cake - Bande Of Fruit
173,Water - Evian 355 Ml
174,Figs
175,Syrup - Monin - Granny Smith
176,Sour Cream
177,Guinea Fowl
178,Oil - Olive
179,Calypso - Pineapple Passion
180,Cheese - Oka
181,Squash - Butternut
182,Bay Leaf
183,Lettuce - Lolla Rosa
184,"Champagne - Brights, Dry"
185,Halibut - Fletches
186,"Coke - Classic, 355 Ml"
187,Appetizer - Shrimp Puff
188,Sprouts - Onion
189,Table Cloth 81x81 Colour
190,Buffalo - Short Rib Fresh
191,"Oil - Truffle, White"
192,Steampan - Lid For Half Size
193,Chicken Giblets
194,Gherkin
195,"Oranges - Navel, 72"
196,"Salsify, Organic"
197,Yukon Jack
198,Spring Roll Veg Mini
199,Wine - Alsace Riesling Reserve
200,Wine - Chateau Bonnet
201,Beer - Upper Canada Lager
202,"Potatoes - Yukon Gold, 80 Ct"
203,"Capon - Breast, Double, Wing On"
204,Oil - Shortening - All - Purpose
205,Garam Marsala
206,"Pork - Back, Short Cut, Boneless"
207,Numi - Assorted Teas
208,Ice Cream - Fudge Bars
209,Milk - Skim
210,"Beets - Candy Cane, Organic"
211,Ice Cream - Turtles Stick Bar
212,Browning Caramel Glace
213,Tamarillo
214,Chips - Miss Vickies
215,Amaretto
216,Vinegar - Sherry
217,Sobe - Berry Energy
218,Table Cloth 90x90 White
219,Gingerale - Diet - Schweppes
220,"Sole - Dover, Whole, Fresh"
221,Clam Nectar
222,Scallops - Live In Shell
223,Cheese - Shred Cheddar / Mozza
224,Lettuce - Lambs Mash
225,Danishes - Mini Cheese
226,"Bread - Dark Rye, Loaf"
227,Yeast Dry - Fleischman
228,Mussels - Frozen
229,Table Cloth 81x81 Colour
230,Wine - Penfolds Koonuga Hill
231,Oil - Avocado
232,Beef - Tenderloin - Aa
233,Tomatillo
234,"Bread - Pullman, Sliced"
235,Butter Ripple - Phillips
236,Muffin Mix - Carrot
237,Tea - Jasmin Green
238,Syrup - Monin - Granny Smith
239,Flower - Leather Leaf Fern
240,Wine - Marlbourough Sauv Blanc
241,"Wine - White, Schroder And Schyl"
242,"Pail - 4l White, With Handle"
243,Dried Cherries
244,Cookie Chocolate Chip With
245,"Pasta - Lasagna Noodle, Frozen"
246,Island Oasis - Magarita Mix
247,Bacon Strip Precooked
248,Lettuce - Romaine
249,Apron
250,Squash - Sunburst
251,Sweet Pea Sprouts
252,Flour - Whole Wheat
253,Vegetable - Base
254,Toothpick Frilled
255,Crab - Meat Combo
256,Tofu - Firm
257,Carbonated Water - Strawberry
258,Beef Tenderloin Aaa
259,Croissants Thaw And Serve
260,Artichokes - Jerusalem
261,Creme De Menth - White
262,Butcher Twine 4r
263,Sugar - Individual Portions
264,Corn Meal
265,Wine - Barolo Fontanafredda
266,"Sauce - Apple, Unsweetened"
267,Lettuce - Baby Salad Greens
268,Apricots - Dried
269,Venison - Racks Frenched
270,Duck - Legs
271,Chips - Assorted
272,Pork - Inside
273,Allspice - Jamaican
274,Tea - Herbal I Love Lemon
275,Pepper - Cubanelle
276,Crackers - Melba Toast
277,Cheese - Mozzarella
278,"Oranges - Navel, 72"
279,"Cheese - Havarti, Salsa"
280,Sausage - Chorizo
281,Mushroom - Lg - Cello
282,"Pork - Loin, Center Cut"
283,Foam Tray S2
284,Lemonade - Pineapple Passion
285,"Wine - Red, Pelee Island Merlot"
286,Lettuce - Escarole
287,"Cod - Salted, Boneless"
288,Squid - Breaded
289,Mustard Prepared
290,Wine - Jaboulet Cotes Du Rhone
291,Extract Vanilla Pure
292,Pineapple - Regular
293,Rhubarb
294,Quail Eggs - Canned
295,Honey - Liquid
296,Orange Roughy 6/8 Oz
297,Snapple Lemon Tea
298,Mustard - Pommery
299,Container Clear 8 Oz
300,Brandy Apricot
301,"Nut - Walnut, Chopped"
302,Pear - Asian
303,"Sauce - Soya, Dark"
304,Beets - Pickled
305,Sugar - Cubes
306,"Lemonade - Island Tea, 591 Ml"
307,Bread - Multigrain
308,Cookies Oatmeal Raisin
309,Cheese - Taleggio D.o.p.
310,Longos - Lasagna Veg
311,Shrimp - Black Tiger 6 - 8
312,Beer - True North Strong Ale
313,Muffin - Banana Nut Individual
314,Veal - Osso Bucco
315,Tofu - Firm
316,"Tendrils - Baby Pea, Organic"
317,Lamb - Whole Head Off
318,Truffle - Peelings
319,Pasta - Ravioli
320,"Cheese - Cheddar, Mild"
321,Squash - Butternut
322,Wine - Muscadet Sur Lie
323,Cardamon Seed / Pod
324,Soup - Campbells Broccoli
325,Carbonated Water - Peach
326,Figs
327,Onion Powder
328,Wine - Ice Wine
329,Pepper - Red Bell
330,Cheese - Le Cheve Noir
331,Wine - Casillero Del Diablo
332,Soup Campbells - Tomato Bisque
333,Bread - White Epi Baguette
334,Cookie - Dough Variety
335,Cheese - Mascarpone
336,Coffee - Frthy Coffee Crisp
337,Pork - European Side Bacon
338,Quail - Jumbo Boneless
339,Irish Cream - Butterscotch
340,Muffin Mix - Lemon Cranberry
341,Wine - Semi Dry Riesling Vineland
342,Chocolate - Liqueur Cups With Foil
343,Bread Base - Gold Formel
344,"Soup - Campbells, Creamy"
345,Veal - Nuckle
346,Ocean Spray - Ruby Red
347,Swordfish Loin Portions
348,Coffee - 10oz Cup 92961
349,Dooleys Toffee
350,Cilantro / Coriander - Fresh
351,Pork - Ham Hocks - Smoked
352,Juice - Orange 1.89l
353,Steam Pan - Half Size Deep
354,Syrup - Pancake
355,"Jam - Blackberry, 20 Ml Jar"
356,Veal - Knuckle
357,Wine - Chateau Timberlay
358,Parasol Pick Stir Stick
359,"Syrup - Monin, Irish Cream"
360,"Loaf Pan - 2 Lb, Foil"
361,Cookies - Amaretto
362,Cocoa Feuilletine
363,Mousse - Passion Fruit
364,Truffle - Peelings
365,"Beef - Ox Tail, Frozen"
366,Lettuce - Iceberg
367,Potatoes - Idaho 80 Count
368,"Sauce - Soya, Light"
369,Swiss Chard
370,Beer - Blue
371,Carbonated Water - Peach
372,Ice Cream - Fudge Bars
373,"Squash - Pattypan, Yellow"
374,Gingerale - Diet - Schweppes
375,Chinese Foods - Plain Fried Rice
376,Foam Dinner Plate
377,Coffee - Dark Roast
378,Dc Hikiage Hira Huba
379,Ginger - Fresh
380,Muffin Batt - Ban Dream Zero
381,Cake - Dulce De Leche
382,"Wine - Red, Cooking"
383,"Juice - Orange, Concentrate"
384,Pepper - Roasted Red
385,Table Cloth 53x69 White
386,Emulsifier
387,Beef - Tenderloin - Aa
388,Cheese - Colby
389,Ecolab - Lime - A - Way 4/4 L
390,Appetizer - Asian Shrimp Roll
391,Sobe - Tropical Energy
392,Wine - Shiraz Wolf Blass Premium
393,"Wine - Magnotta, Merlot Sr Vqa"
394,Apple - Macintosh
395,Wine - Ice Wine
396,"Vodka - Lemon, Absolut"
397,Lobster - Live
398,"Seedlings - Buckwheat, Organic"
399,"Veal - Tenderloin, Untrimmed"
400,Chocolate Bar - Smarties
401,"Soup - Campbells, Spinach Crm"
402,Apple - Fuji
403,Rosemary - Fresh
404,Beer - True North Lager
405,Mustard - Pommery
406,Sugar - Monocystal / Rock
407,Chivas Regal - 12 Year Old
408,Bag Clear 10 Lb
409,"7up Diet, 355 Ml"
410,Soup - Campbells Tomato Ravioli
411,Creme De Menth - White
412,Appetizer - Escargot Puff
413,"Crab - Claws, 26 - 30"
414,Gherkin - Sour
415,"Beef - Ox Tail, Frozen"
416,"Shrimp - 16 - 20 Cooked, Peeled"
417,"Juice - Tomato, 10 Oz"
418,Icecream - Dstk Strw Chseck
419,"Juice - Tomato, 10 Oz"
420,Kellogs Special K Cereal
421,Cake - Bande Of Fruit
422,Seabream Whole Farmed
423,Banana Turning
424,Lemon Tarts
425,Beef - Rib Eye Aaa
426,Fib N9 - Prague Powder
427,Pop Shoppe Cream Soda
428,Toamtoes 6x7 Select
429,Glucose
430,Shrimp - Black Tiger 13/15
431,Nougat - Paste / Cream
432,Pastry - Plain Baked Croissant
433,Sauce - Hp
434,"Chocolate - Milk, Callets"
435,Rice - Basmati
436,Lid Tray - 12in Dome
437,Hummus - Spread
438,Green Scrubbie Pad H.duty
439,"Coconut - Creamed, Pure"
440,Cheese - Mix
441,Wine - Cousino Macul Antiguas
442,Soup Campbells Turkey Veg.
443,Chicken - Base
444,Madeira
445,Beer - Blue
446,Pork - Smoked Kassler
447,Potatoes - Parissienne
448,Sour Puss Raspberry
449,Beef - Rib Eye Aaa
450,Beer - Fruli
451,Cheese - Camembert
452,Lamb - Rack
453,Tray - 12in Rnd Blk
454,Hinge W Undercut
455,"Pork - Tenderloin, Frozen"
456,Pepper - Sorrano
457,"Sauce - Gravy, Au Jus, Mix"
458,"Soup - Knorr, Ministrone"
459,Apple - Custard
460,Filter - Coffee
461,"Doilies - 5, Paper"
462,Table Cloth 72x144 White
463,"Brandy - Orange, Mc Guiness"
464,"Olives - Green, Pitted"
465,Bread - Frozen Basket Variety
466,Duck - Fat
467,"Chilli Paste, Sambal Oelek"
468,Spinach - Spinach Leaf
469,"Pesto - Primerba, Paste"
470,Cheese Cheddar Processed
471,Puree - Mango
472,Pastry - Apple Large
473,Artichoke - Fresh
474,Pail With Metal Handle 16l White
475,"Beef - Rib Roast, Capless"
476,Spice - Chili Powder Mexican
477,"Garlic - Primerba, Paste"
478,"Wine - White, Ej"
479,"Sauce - Apple, Unsweetened"
480,Coffee - Hazelnut Cream
481,Shiratamako - Rice Flour
482,Calypso - Black Cherry Lemonade
483,Lettuce - California Mix
484,Rabbit - Whole
485,Iced Tea Concentrate
486,Cheese - Comtomme
487,"Red Snapper - Fresh, Whole"
488,"Beans - Turtle, Black, Dry"
489,Versatainer Nc - 9388
490,Filter - Coffee
491,Onions - Spanish
492,Orange - Tangerine
493,Ecolab - Lime - A - Way 4/4 L
494,Swiss Chard
495,Brandy Cherry - Mcguinness
496,"Rice Pilaf, Dry,package"
497,Oil - Cooking Spray
498,"Flour - Bran, Red"
499,Soup Campbells - Tomato Bisque
500,"Liners - Banana, Paper"
501,Soup - Campbells Asian Noodle
502,Curry Paste - Green Masala
503,Yoplait - Strawbrasp Peac
504,Milkettes - 2%
505,Salmon Atl.whole 8 - 10 Lb
506,Sherbet - Raspberry
507,Oil - Hazelnut
508,Galliano
509,"Lemonade - Black Cherry, 591 Ml"
510,Tomatoes - Cherry
511,Raspberries - Frozen
512,"Mushroom - Trumpet, Dry"
513,"Jam - Marmalade, Orange"
514,Sobe - Cranberry Grapefruit
515,Pepperoni Slices
516,Potatoes - Mini Red
517,"Pasta - Fettuccine, Dry"
518,Garlic Powder
519,Garbage Bag - Clear
520,Pie Filling - Cherry
521,"Lobster - Baby, Boiled"
522,Cheese Cheddar Processed
523,Halibut - Steaks
524,Praline Paste
525,Pepper - Gypsy Pepper
526,Crush - Cream Soda
527,Muffin Orange Individual
528,Pepper - Sorrano
529,"Pasta - Rotini, Dry"
530,Strawberries
531,"Lid - High Heat, Super Clear"
532,Pastry - Key Limepoppy Seed Tea
533,Ocean Spray - Kiwi Strawberry
534,Chips - Assorted
535,Apricots Fresh
536,Cheese - Perron Cheddar
537,Duck - Breast
538,Wasabi Powder
539,Salmon - Sockeye Raw
540,"Soup - Knorr, Country Bean"
541,Chicken Breast Wing On
542,Oats Large Flake
543,Lettuce - Green Leaf
544,Bread - Raisin Walnut Pull
545,Lid Coffee Cup 8oz Blk
546,"Coconut - Shredded, Unsweet"
547,"Salt - Rock, Course"
548,Bread - White Mini Epi
549,Pork - Belly Fresh
550,Venison - Liver
551,Bread - 10 Grain
552,Turnip - Mini
553,Wine - Fat Bastard Merlot
554,Crab - Meat
555,Cake - French Pear Tart
556,Initation Crab Meat
557,Cake - Cheese Cake 9 Inch
558,Cactus Pads
559,"Vodka - Lemon, Absolut"
560,Brandy Cherry - Mcguinness
561,"Split Peas - Yellow, Dry"
562,Tray - 12in Rnd Blk
563,Eel Fresh
564,Mushroom Morel Fresh
565,Mini - Vol Au Vents
566,"Tortillas - Flour, 12"
567,Toamtoes 6x7 Select
568,Soup - Campbells Beef Stew
569,Pasta - Fusili Tri - Coloured
570,"Rosemary - Primerba, Paste"
571,Chicken - Tenderloin
572,"Corn - Cream, Canned"
573,"Vermouth - White, Cinzano"
574,Bread - Dark Rye
575,Table Cloth 62x120 Colour
576,"Jam - Marmalade, Orange"
577,V8 Pet
578,Vinegar - Cider
579,Muffin Hinge - 211n
580,Sprouts - China Rose
581,Wine - Muscadet Sur Lie
582,Butter - Salted
583,Lettuce - Romaine
584,"Tomatoes - Diced, Canned"
585,"Loaf Pan - 2 Lb, Foil"
586,"Noodles - Cellophane, Thin"
587,Rye Special Old
588,"Soup - Campbells, Minestrone"
589,Plastic Wrap
590,Ecolab Digiclean Mild Fm
591,Danishes - Mini Raspberry
592,Radish - Pickled
593,"Soup - Campbells, Creamy"
594,Curry Powder
595,Table Cloth 62x120 Colour
596,Vegetable - Base
597,Veal - Eye Of Round
598,Egg Patty Fried
599,Bagel - Ched Chs Presliced
600,Danishes - Mini Cheese
601,Spinach - Packaged
602,Pork - Sausage Casing
603,Oil - Shortening - All - Purpose
604,"Juice - Grape, White"
605,Potatoes - Idaho 80 Count
606,Cabbage - Green
607,"Lamb - Leg, Diced"
608,Basil - Pesto Sauce
609,Wine - Pinot Noir Pond Haddock
610,Muffin Mix - Lemon Cranberry
611,Soup - Campbells
612,Chicken Thigh - Bone Out
613,Veal - Kidney
614,"Leeks - Baby, White"
615,Cup - Paper 10oz 92959
616,Garlic
617,"Juice - Pineapple, 341 Ml"
618,"Pasta - Canelloni, Single Serve"
619,"Tortillas - Flour, 10"
620,Arrowroot
621,Pork - Backfat
622,Tea - Jasmin Green
623,"Beef - Tongue, Fresh"
624,Soup - Tomato Mush. Florentine
625,Peas Snow
626,Ecolab - Lime - A - Way 4/4 L
627,Pork - Back Ribs
628,"Zucchini - Mini, Green"
629,Beer - Camerons Cream Ale
630,Dc - Sakura Fu
631,Ecolab - Hand Soap Form Antibac
632,Mustard - Pommery
633,Mudslide
634,Sugar - White Packet
635,Nantucket - Carrot Orange
636,Spice - Chili Powder Mexican
637,Pastry - Chocolate Chip Muffin
638,Coffee Swiss Choc Almond
639,"Fish - Atlantic Salmon, Cold"
640,Cleaner - Bleach
641,Cumin - Ground
642,Steampan Lid
643,Tea - Black Currant
644,Mayonnaise - Individual Pkg
645,"Olives - Green, Pitted"
646,Pear - Halves
647,Tomatoes
648,Snails - Large Canned
649,Flour - Bread
650,Bowl 12 Oz - Showcase 92012
651,Potatoes - Idaho 100 Count
652,Cup Translucent 9 Oz
653,Muffin Orange Individual
654,Cheese - Ermite Bleu
655,"Wine - Red, Black Opal Shiraz"
656,Wine - Taylors Reserve
657,Rabbit - Whole
658,Wine - Rosso Toscano Igt
659,Catfish - Fillets
660,Cheese - Swiss Sliced
661,Veal - Loin
662,Extract - Raspberry
663,"Lemonade - Natural, 591 Ml"
664,Shark - Loin
665,Hinge W Undercut
666,Carbonated Water - White Grape
667,Smoked Tongue
668,"Beer - Alexander Kieths, Pale Ale"
669,Beer - Guiness
670,Sloe Gin - Mcguinness
671,"Crab - Back Fin Meat, Canned"
672,Ecolab - Mikroklene 4/4 L
673,Cape Capensis - Fillet
674,"Shrimp - 16/20, Iqf, Shell On"
675,Wakami Seaweed
676,Wine - Chenin Blanc K.w.v.
677,Pepper - Red Bell
678,Pheasants - Whole
679,Propel Sport Drink
680,Tomatoes - Cherry
681,Pepper - Cubanelle
682,Glove - Cutting
683,Heavy Duty Dust Pan
684,"Chicken - White Meat, No Tender"
685,"Brandy - Orange, Mc Guiness"
686,"Artichoke - Hearts, Canned"
687,Peach - Halves
688,Tart - Lemon
689,Garlic - Peeled
690,Extract - Raspberry
691,"Nut - Pistachio, Shelled"
692,Shrimp - Black Tiger 8 - 12
693,Wine - Chardonnay South
694,Coffee Decaf Colombian
695,Chevere Logs
696,Kahlua
697,Yoplait - Strawbrasp Peac
698,Rosemary - Fresh
699,Shopper Bag - S - 4
700,Basil - Seedlings Cookstown
701,Pork - Ham Hocks - Smoked
702,Apples - Spartan
703,Lettuce - Boston Bib - Organic
704,Nantucket - Carrot Orange
705,Pepper - Sorrano
706,Sauce - Hp
707,Crackers - Soda / Saltins
708,Muffin - Mix - Creme Brule 15l
709,"Bread - Crumbs, Bulk"
710,"Beans - Kidney, Canned"
711,Grapefruit - White
712,Island Oasis - Magarita Mix
713,Quiche Assorted
714,Beef - Prime Rib Aaa
715,Mangoes
716,Wine - Chianti Classica Docg
717,Pickerel - Fillets
718,"Fish - Halibut, Cold Smoked"
719,Coffee Guatemala Dark
720,"Wine - Red, Antinori Santa"
721,Pheasants - Whole
722,"Wine - Red, Cabernet Sauvignon"
723,Muffin Batt - Choc Chk
724,Pastry - Banana Tea Loaf
725,"Nut - Almond, Blanched, Whole"
726,Trout Rainbow Whole
727,Cake - Dulce De Leche
728,"Cheese - Boursin, Garlic / Herbs"
729,Pie Shell - 9
730,"Beef - Roasted, Cooked"
731,"Mushroom - Oyster, Fresh"
732,Skewers - Bamboo
733,Daikon Radish
734,"Veal - Tenderloin, Untrimmed"
735,Schnappes Peppermint - Walker
736,Arizona - Green Tea
737,Cheese - Brick With Onion
738,Dip - Tapenade
739,Nantucket - Carrot Orange
740,Sauce - Hollandaise
741,Teriyaki Sauce
742,"Wine - White, Pinot Grigio"
743,Sprouts - Pea
744,Puree - Pear
745,Beef - Ox Tongue
746,Mousse - Passion Fruit
747,"Oil - Truffle, Black"
748,Beans - Kidney White
749,Wakami Seaweed
750,Cheese - Swiss Sliced
751,"Cup - 3.5oz, Foam"
752,"Cheese - Romano, Grated"
753,Vinegar - White Wine
754,"Pork - Back, Short Cut, Boneless"
755,Oil - Sesame
756,Sweet Pea Sprouts
757,Oil - Peanut
758,"Capon - Breast, Wing On"
759,Water - Evian 355 Ml
760,"Wine - White, Gewurtzraminer"
761,Ice Cream Bar - Rolo Cone
762,Shiratamako - Rice Flour
763,Beer - Camerons Cream Ale
764,Nantucket Orange Juice
765,Jack Daniels
766,"Ecolab - Orange Frc, Cleaner"
767,Cleaner - Bleach
768,Cookies - Englishbay Oatmeal
769,Yoghurt Tubes
770,Container - Clear 16 Oz
771,Salad Dressing
772,Papayas
773,Chocolate - Sugar Free Semi Choc
774,Yoplait - Strawbrasp Peac
775,Gingerale - Diet - Schweppes
776,Absolut Citron
777,Pears - Fiorelle
778,"Liners - Banana, Paper"
779,"Coke - Diet, 355 Ml"
780,Oil - Sesame
781,Pork - Belly Fresh
782,Oysters - Smoked
783,Cucumber - Pickling Ontario
784,Wine - Two Oceans Cabernet
785,Muskox - French Rack
786,Longos - Assorted Sandwich
787,Shiratamako - Rice Flour
788,Beets - Mini Golden
789,Ice Cream Bar - Rolo Cone
790,Lobster - Base
791,"Pepper - Red, Finger Hot"
792,Cauliflower
793,Chick Peas - Canned
794,Seaweed Green Sheets
795,Longos - Chicken Caeser Salad
796,Ecolab Crystal Fusion
797,Wine - Acient Coast Caberne
798,Greens Mustard
799,"Water - Mineral, Carbonated"
800,Bread Base - Goodhearth
801,Lid - 0090 Clear
802,Cafe Royale
803,Beer - Corona
804,Cheese - Comte
805,Foam Dinner Plate
806,"Ecolab - Orange Frc, Cleaner"
807,Figs
808,Island Oasis - Ice Cream Mix
809,Papayas
810,Wine - Dubouef Macon - Villages
811,"Juice - Apple, 500 Ml"
812,"Trout - Rainbow, Frozen"
813,Cream - 18%
814,Calypso - Pineapple Passion
815,Kahlua
816,Salt - Sea
817,Salt - Kosher
818,Toamtoes 6x7 Select
819,"Pasta - Rotini, Dry"
820,Potatoes - Peeled
821,V8 Splash Strawberry Banana
822,Corn Kernels - Frozen
823,Cheese Cloth
824,Apron
825,Beef - Eye Of Round
826,"Beef - Bones, Marrow"
827,"Napkin - Dinner, White"
828,Hummus - Spread
829,Frangelico
830,Long Island Ice Tea
831,Wonton Wrappers
832,"Soup - Beef, Base Mix"
833,Wasabi Powder
834,"Clams - Littleneck, Whole"
835,Muffin Mix - Corn Harvest
836,Knife Plastic - White
837,Pie Shell - 5
838,Tomatoes - Yellow Hot House
839,Mushroom - Crimini
840,Cheese - Swiss
841,"Cheese - Brie,danish"
842,Peas Snow
843,Coffee - Cafe Moreno
844,"Cheese - Woolwich Goat, Log"
845,Praline Paste
846,Red Cod Fillets - 225g
847,Orange Roughy 4/6 Oz
848,Beer - Blue
849,Irish Cream - Baileys
850,Muffin - Blueberry Individual
851,"Pail - 15l White, With Handle"
852,Foam Espresso Cup Plain White
853,Figs
854,"Juice - Apple, 500 Ml"
855,Wine - Baron De Rothschild
856,Olives - Nicoise
857,Juice - Lagoon Mango
858,Bread - Multigrain
859,Jameson - Irish Whiskey
860,"Quail - Whole, Boneless"
861,Rice - 7 Grain Blend
862,Kirsch - Schloss
863,Sugar - Invert
864,Chocolate - Chips Compound
865,Calvados - Boulard
866,Olives - Stuffed
867,Soup - Campbells Pasta Fagioli
868,Sea Urchin
869,Ham - Cooked Italian
870,"Lobster - Tail, 3 - 4 Oz"
871,"Wine - Red, Colio Cabernet"
872,Chef Hat 20cm
873,Bar Special K
874,Appetizer - Cheese Bites
875,Soup - Base Broth Beef
876,Lid Coffeecup 12oz D9542b
877,"Wine - White, Ej"
878,Magnotta Bel Paese Red
879,Vinegar - Cider
880,"Lamb - Whole Head Off,nz"
881,Nantucket Cranberry Juice
882,Bread Country Roll
883,Ecolab Crystal Fusion
884,Pails With Lids
885,Flower - Potmums
886,Longos - Chicken Caeser Salad
887,"Pork - Loin, Center Cut"
888,"Croissant, Raw - Mini"
889,Pork - Hock And Feet Attached
890,Cookie Dough - Chunky
891,Bread - 10 Grain Parisian
892,Chocolate - Semi Sweet
893,Sansho Powder
894,Mangostein
895,Foam Tray S2
896,Wine - Valpolicella Masi
897,Basil - Fresh
898,Wine - Sauvignon Blanc Oyster
899,"Chilli Paste, Hot Sambal Oelek"
900,Melon - Cantaloupe
901,Bar Mix - Lime
902,Crush - Cream Soda
903,Table Cloth 62x120 Colour
904,Instant Coffee
905,"Pasta - Rotini, Colour, Dry"
906,"Mustard - Dry, Powder"
907,Sauce - Ranch Dressing
908,"Cheese - Boursin, Garlic / Herbs"
909,Plasticknivesblack
910,"Wine - Red, Cooking"
911,"Rum - Spiced, Captain Morgan"
912,Tray - 16in Rnd Blk
913,Sprouts - China Rose
914,Soup - Campbells Bean Medley
915,Red Currant Jelly
916,Bread - Hot Dog Buns
917,Lighter - Bbq
918,Ice Cream - Strawberry
919,Cheese - Sheep Milk
920,Pastry - Banana Muffin - Mini
921,"Syrup - Monin, Amaretta"
922,"Juice - Tomato, 10 Oz"
923,Cheese - Oka
924,"Soup - Knorr, Chicken Gumbo"
925,Pasta - Canelloni
926,"Stock - Veal, Brown"
927,"Placemat - Scallop, White"
928,"Soup - Beef Conomme, Dry"
929,Vinegar - White
930,French Pastry - Mini Chocolate
931,"Wine - White, Lindemans Bin 95"
932,"Wine - Red, Wolf Blass, Yellow"
933,Cranberries - Fresh
934,"Juice - Cranberry, 341 Ml"
935,Jello - Assorted
936,"Turkey - Breast, Bone - In"
937,Dip - Tapenade
938,Wine - Cotes Du Rhone
939,Pear - Asian
940,Beans - Wax
941,"Jam - Strawberry, 20 Ml Jar"
942,Cornstarch
943,Muffin Batt - Carrot Spice
944,Goat - Whole Cut
945,"Wine - White, Cooking"
946,Tea - Decaf 1 Cup
947,Energy Drink
948,Chicken - Soup Base
949,Wine - Balbach Riverside
950,"Coke - Diet, 355 Ml"
951,Onions - White
952,Wine - Magnotta - Cab Sauv
953,Wine - Duboeuf Beaujolais
954,"Plate - Foam, Bread And Butter"
955,Cod - Black Whole Fillet
956,Chocolate Bar - Oh Henry
957,"Syrup - Monin, Irish Cream"
958,Chips - Miss Vickies
959,Mace
960,"Chocolate - Semi Sweet, Calets"
961,Milk Powder
962,"Beans - Black Bean, Preserved"
963,"Wine - Red, Antinori Santa"
964,Wine - Pinot Grigio Collavini
965,"Rum - Cream, Amarula"
966,Browning Caramel Glace
967,Garlic - Peeled
968,"Pepper - Chipotle, Canned"
969,Wine - Ruffino Chianti
970,Bagelers
971,Straws - Cocktale
972,Avocado
973,"Juice - Grapefruit, 341 Ml"
974,Wanton Wrap
975,Wine - Barbera Alba Doc 2001
976,Mangostein
977,Juice - Orangina
978,Cake Slab
979,"Brandy - Orange, Mc Guiness"
980,Lettuce - Iceberg
981,"Nut - Pecan, Halves"
982,Tea Peppermint
983,Bread - French Stick
984,Onions - Pearl
985,Appetizer - Veg Assortment
986,Long Island Ice Tea
987,"Fish - Halibut, Cold Smoked"
988,Chicken Breast Halal
989,Ham - Cooked Bayonne Tinned
990,"Trout - Rainbow, Frozen"
991,Vegetable - Base
992,"Sauce - Soya, Dark"
993,Tea - Herbal Orange Spice
994,Sprouts - Bean
995,Veal - Striploin
996,"Bread - Dark Rye, Loaf"
997,Puree - Guava
998,French Pastries
999,Salt And Pepper Mix - White
1000,Beer - Blue Light
